"STORE_FORM_ADMIN_LEVEL_DESCRIPTION";"These settings are applied on a per member level basis. Start by selecting the member level you want to modify, then adjust the settings for that level below."
"STORE_FORM_ADMIN_LEVEL_CREATE_DESCRIPTION";"Do you want to let members create stores? If set to no, some other settings on this page may not apply. This is useful if you want members to be able to view stores, but only want certain levels to be able to create stores."
"PRODUCT_FORM_ADMIN_LEVEL_CREATE_DESCRIPTION";"Do you want to let members create products? If set to no, some other settings on this page may not apply. This is useful if you want members to be able to view products, but only want certain levels to be able to create products."
"STORE_VIEWS_SCRIPTS_ADMINMANAGE_INDEX_DESCRIPTION";"This page lists all of the stores your users have posted. You can use this page to monitor these stores and delete offensive material if necessary. Entering criteria into the filter fields will help you find specific stores. Leaving the filter fields blank will show all the stores on your social network."
"STORE_VIEWS_SCRIPTS_ADMINORDER_INDEX_DESCRIPTION";"This page lists all of the orders your users have created. Entering criteria into the filter fields will help you find specific orders. Leaving the filter fields blank will show all the orders."
"STORE_VIEWS_SCRIPTS_ADMINMANAGEPRODUCT_INDEX_DESCRIPTION";"This page lists all of the products your users have posted. You can use this page to monitor these products and delete offensive material if necessary. Entering criteria into the filter fields will help you find specific products. Leaving the filter fields blank will show all the products on your social network."
"STORE_VIEWS_SCRIPTS_ADMINTRANSACTION_INDEX_DESCRIPTION";"This page lists all of the transactions. Entering criteria into the filter fields will help you find specific transactions. Leaving the filter fields blank will show all the transactions."
"PRODUCT_FORM_ADMIN_LEVEL_CREATE_DESCRIPTION";"Do you want to let members create products? If set to no, some other settings on this page may not apply. This is useful if you want members to be able to view products, but only want certain levels to be able to create products."
"STORE_VIEWS_ADMIN_GATEWAYS_INDEX_DESCRIPTION";"Browse and manage payment gateways."
"ITEM_TYPE_STORE_ALBUM";"Store Album"
"ITEM_TYPE_STORE_HELP_PAGE";"Store Help Page"
"ITEM_TYPE_STORE_PHOTO";"Store Photo"
"ITEM_TYPE_SOCIAL_PRODUCT";"Store Product"
"ITEM_TYPE_STORE_PRODUCT_ALBUM";"Store Product Album"
"ITEM_TYPE_STORE_PRODUCT_PHOTO";"Store Product Photo"
"_ACTIVITY_ACTIONTYPE_SOCIAL_PRODUCT_NEW";"When my product got approved"
"_ACTIVITY_ACTIONTYPE_SOCIAL_STORE_NEW";"When my store got approved"
"STORE_FORM_PUBLISH_PRODUCT_DESCRIPTION";"If you want to sell your product on our website, you have to pay publishing-product fee. Please choose the fee package that you like."
"STORE_FORM_PAYMENT_SELECT_GATEWAY";"Please choose the gateway which is used to purchase"
"STORE_FORM_PAYMENT_REVIEW_DESCRIPTION";"You have just chosen paypal as your payment gateway. Please confirm if you really want to purchase."
"STORE_VIEWS_SCRIPTS_ADMINREFUND_INDEX_DESCRIPTION";"This page lists all of the refunds your users have posted. You can use this page to monitor these refunds. Entering criteria into the filter fields will help you find specific refunds. Leaving the filter fields blank will show all the refunds on your social network."
"STORE_VIEWS_SCRIPTS_ADMINREQUEST_INDEX_DESCRIPTION";"This page lists all of the requests your users have posted. You can use this page to monitor these requests. Entering criteria into the filter fields will help you find specific requests. Leaving the filter fields blank will show all the requests on your social network."
"SHIPPING_INFORMATION_DESCRIPTION";"Please fill the necessary shipping information in these fields below. The sellers will base on these information to deliver your purchase."
"STORE_BILLING_INFORMATION_DESCRIPTION";"Please fill the necessary billing information in these fields below"
"STORE_FORM_PUBLISH_STORE_DESCRIPTION";"If you want to open a store on our website, you have to pay publishing-store fee. Please choose the fee package that you like."
"STORE_FORM_ADMIN_CURRENCY_DESCRIPTION";"Please edit info of the currency below."
"STORE_FORM_PAYMENT_SELLER_REQUEST_DESCRIPTION";"Please fill the necessary information in these fields below to complete the request process."
"ADMIN_SENDMONEY_TO_SELLER_DESCRITION";"If you want to send messages to Seller, please input below."
"STORE_FORM_ADMIN_GATEWAY_2CHECKOUT_DESCRIPTION";"2Checkout Account Configuration:<br />
1) If you haven't already, you will need to establish a <a href=""%6$s"" target=""_blank"">2Checkout account</a>.<br />
2) <a target=""_blank"" href=""%1$s"">Create a new username</a>, checking both the API Access and API Updating checkboxes.  Insert the newly created username and password into this form below.<br />
<em>Note: If you change the secret word in your 2Checkout account, you will need to visit this page again and re-save the settings.</em><br />
3) <a target=""_blank"" href=""%4$s"">Update the Site Management</a> page, selecting the ""Header Redirect"" option, and pasting the following into the ""Approved URL"" field:<br />%5$s"
"PAYMENT_FORM_ADMIN_GATEWAY_GOOGLE_DESCRIPTION";"Google Checkout Account Configuration:<br />
1) If you haven't already, you will need to establish a Google Checkout account</a>.<br />
2) After you have created your Google Merchant account, go to ""Account Setting"" and ""Integration"" to get Google merchant ID and Google merchant key and insert them into this form below.<br />
3) Still at the page above, choose ""Notification as XML"" option at ""Callback Contents"" and paste the following into the ""API callback URL"" field:<br />%1$s"
"SOCIALSTORE_FIELDS_VIEWS_SCRIPTS_ADMINFIELDS_DESCRIPTION";"Our members will be asked to provide some information about their store listing when creating a new store. Create some store questions that allow them to describe their store in a way that relates to the theme of your community. To reorder the store questions, click on their names and drag them up or down."
"STORE_CREDITCARD_INFORMATION_DESCRIPTION";"Please provide your credit card information below for performing the transaction."
"PAYMENT_FORM_ADMIN_GATEWAY_AUTHORIZENET_DESCRIPTION";"Please establish an Authorize.Net merchant account and provide the API Info of your account below."
"STORE_FORM_ADMIN_GATEWAY_PAYPALADAPTIVE_DESCRIPTION";"Paypal Account Configuration: <br />
1) If you haven't already, you will need to establish a <a target=""_blank"" href=""%1$s"">Paypal account</a>.<br />
2) Enable <a target=""_blank"" href=""%1$s"">API access</a> on your Paypal account via: <em>My Account &gt; Profile &gt; API Access &gt; Request API credentials &gt; Request API Signature</em>.<br />
3) Insert the Paypal API <a target=""_blank"" href=""%1$s"">username, password, and signature</a> values into this form.<br />
4) Enable <a target=""_blank"" href=""%2$s"">Instant Payment Notifications</a> via: <em>My Account &gt; Profile &gt; Instant Payment Notification Preferences &gt; Choose IPN Settings</em>.  The <em>IPN messages</em> should be <strong>enabled</strong>.<br />
5) Go to <a target=""_blank"" href=""https://www.x.com/community/ppx/apps101"">X Commerce</a> and request an Application ID to input to the field below."


#Email Template
# header
"_EMAIL_STORE_HEADER_TITLE";"Header (Non-members)"
"_EMAIL_STORE_HEADER_DESCRIPTION";"This can be added to other emails using the [header] placeholder."
"_EMAIL_STORE_HEADER_SUBJECT";""
"_EMAIL_STORE_HEADER_BODY";"Hello,"

# footer
"_EMAIL_STORE_FOOTER_TITLE";"Footer (Non-members)"
"_EMAIL_STORE_FOOTER_DESCRIPTION";"This can be added to other emails using the [footer] placeholder."
"_EMAIL_STORE_FOOTER_SUBJECT";""
"_EMAIL_STORE_FOOTER_BODY";"Best Regards,
Social Network Administration"

# header_member
"_EMAIL_STORE_HEADERMEMBER_TITLE";"Header (Members)"
"_EMAIL_STORE_HEADERMEMBER_DESCRIPTION";"This can be added to other emails using the [header] placeholder."
"_EMAIL_STORE_HEADERMEMBER_SUBJECT";""
"_EMAIL_STORE_HEADERMEMBER_BODY";"Hello [recipient_title],"

# footer_member
"_EMAIL_STORE_FOOTERMEMBER_TITLE";"Footer (Members)"
"_EMAIL_STORE_FOOTERMEMBER_DESCRIPTION";"This can be added to other emails using the [footer] placeholder."
"_EMAIL_STORE_FOOTERMEMBER_SUBJECT";""
"_EMAIL_STORE_FOOTERMEMBER_BODY";"Best Regards,
Social Network Administration"

#store_approvestore

"_EMAIL_STORE_APPROVESTORE_TITLE";"Stores Got Approved"
"_EMAIL_STORE_APPROVESTORE_DESCRIPTION";"This is the email that gets sent to members whose stores got approved."
"_EMAIL_STORE_APPROVESTORE_SUBJECT";"Store Approved Notice"
"_EMAIL_STORE_APPROVESTORE_BODY";"[header]

Your Store [store_title] at [store_link] has just been approved. 

[footer]"

#store_approveproduct

"_EMAIL_STORE_APPROVEPRODUCT_TITLE";"Products Got Approved"
"_EMAIL_STORE_APPROVEPRODUCT_DESCRIPTION";"This is the email that gets sent to members whose products got approved."
"_EMAIL_STORE_APPROVEPRODUCT_SUBJECT";"Products Approved Notice"
"_EMAIL_STORE_APPROVEPRODUCT_BODY";"[header]

Your Product [product_title] at [product_link] of your Store [store_title] at [store_link] has just been approved. 

[footer]"

#store_purchasebuyer

"_EMAIL_STORE_PURCHASEBUYER_TITLE";"Purchase (Buyers)"
"_EMAIL_STORE_PURCHASEBUYER_DESCRIPTION";"This is the email that gets sent to members who purchase products."
"_EMAIL_STORE_PURCHASEBUYER_SUBJECT";"You have just bought a product!"
"_EMAIL_STORE_PURCHASEBUYER_BODY";"[header]

You have just purchase from our website with below order: 

[ordercontent]

==========Your Information============

Name: [buyer_name]
Email Address: [buyer_email]
Address: [buyer_address]

[footer]"

#store_purchaseseller

"_EMAIL_STORE_PURCHASESELLER_TITLE";"Purchase (Sellers)"
"_EMAIL_STORE_PURCHASESELLER_DESCRIPTION";"This is the email that gets sent to members whose products got purchased."
"_EMAIL_STORE_PURCHASESELLER_SUBJECT";"Your product has been bought!"
"_EMAIL_STORE_PURCHASESELLER_BODY";"[header]

Congratulation! Your product has been bought!

==========Product Detail==============

Name of Product: [product_title]
Link of Product: [product_link]	
Name of Store: [store_title]
Link of Store: [store_link]	

Quantity:     [product_quantity]
Unit Price:   [product_price]
Total:        [product_total]

Order ID: [store_orderid]

==========Buyer Information============

Name: [buyer_name]
Email Address: [buyer_email]
Address: [buyer_address]

[footer]"

#store_requestaccept

"_EMAIL_STORE_REQUESTACCEPT_TITLE";"Request Accept"
"_EMAIL_STORE_REQUESTACCEPT_DESCRIPTION";"This is the email that gets sent to members whose request has been accepted."
"_EMAIL_STORE_REQUESTACCEPT_SUBJECT";"Your request has been accepted!"
"_EMAIL_STORE_REQUESTACCEPT_BODY";"[header]

Your account request has been accepted. Please check your financial account. 
==========Details==============
Store: [store_title]
Store Link: [store_link]
Request Amount: [request_amount]

[footer]"

#store_requestdeny

"_EMAIL_STORE_REQUESTDENY_TITLE";"Request Deny"
"_EMAIL_STORE_REQUESTDENY_DESCRIPTION";"This is the email that gets sent to members whose request has been denied."
"_EMAIL_STORE_REQUESTDENY_SUBJECT";"Your request has been denied!"
"_EMAIL_STORE_REQUESTDENY_BODY";"[header]

We are afraid we have to inform you that your account request has been denied.
Please contact administrator for more information.
==========Details==============
Store: [store_title]
Store Link: [store_link]
Request Amount: [request_amount]

[footer]"



#store_productdelete

"_EMAIL_STORE_PRODUCTDELETE_TITLE";"Delete Product (to Owner)"
"_EMAIL_STORE_PRODUCTDELETE_DESCRIPTION";"This is the email that gets sent to members whose products has been deleted."
"_EMAIL_STORE_PRODUCTDELETE_SUBJECT";"Your product has been deleted!"
"_EMAIL_STORE_PRODUCTDELETE_BODY";"[header]

We are sorry to inform you that your product [product_title] has been deleted. 
Store: [store_title]
Store Link: [store_link]
Please contact administrator for more information.

[footer]"

#store_productdelbuyers

"_EMAIL_STORE_PRODUCTDELBUYERS_TITLE";"Delete Product (to Buyer)"
"_EMAIL_STORE_PRODUCTDELBUYERS_DESCRIPTION";"This is the email that gets sent to members who had purchased deleted products."
"_EMAIL_STORE_PRODUCTDELBUYERS_SUBJECT";"Your product has been deleted!"
"_EMAIL_STORE_PRODUCTDELBUYERS_BODY";"[header]

We are sorry to inform you that product [product_title] which you had purchased has been deleted. 
Store: [store_title]
Store Link: [store_link]
OrderId: [store_order]
Please contact administrator or store owner for more information.

[footer]"

#store_productdelfav

"_EMAIL_STORE_PRODUCTDELFAV_TITLE";"Delete Product (to Favourites)"
"_EMAIL_STORE_PRODUCTDELFAV_DESCRIPTION";"This is the email that gets sent to members who have favourited deleted product."
"_EMAIL_STORE_PRODUCTDELFAV_SUBJECT";"Your store has been deleted!"
"_EMAIL_STORE_PRODUCTDELFAV_BODY";"[header]

We are sorry to inform you that the product [product_title] which you had set favourite has been deleted. 
Store: [store_title]
Store Link: [store_link]
Please contact administrator or store owner for more information.

[footer]"

#store_follownotice

"_EMAIL_STORE_FOLLOWNOTICE_TITLE";"New Products (to Follower)"
"_EMAIL_STORE_FOLLOWNOTICE_DESCRIPTION";"This is the email that gets sent to members who have followed the store which has just released new product."
"_EMAIL_STORE_FOLLOWNOTICE_SUBJECT";"New product at your followed store!"
"_EMAIL_STORE_FOLLOWNOTICE_BODY";"[header]

A new product has been posted at the store [store_title] which you have followed.

==========Details==============

Name of Product: [product_title]
Link of Product: [product_link]	
Name of Store:   [store_title]
Link of Store:   [store_link]	

[footer]"

#store_refundbuyer

"_EMAIL_STORE_REFUNDBUYER_TITLE";"Refund (Buyer)"
"_EMAIL_STORE_REFUNDBUYER_DESCRIPTION";"This is the email that gets sent to members who have requested a refund."
"_EMAIL_STORE_REFUNDBUYER_SUBJECT";"You have requested a refund!"
"_EMAIL_STORE_REFUNDBUYER_BODY";"[header]

We have just received a request for refund for the product below:
==========Details==============
Name of Product: [product_title]
Link of Product: [product_link]	
Name of Store:   [store_title]
Link of Store:   [store_link]
Order ID: [store_orderid]	

Your refund request is being checked. The store owner will be in contact with you soon. 

[footer]"

#store_refundseller

"_EMAIL_STORE_REFUNDSELLER_TITLE";"Refund (Seller)"
"_EMAIL_STORE_REFUNDSELLER_DESCRIPTION";"This is the email that gets sent to members whose have products that got refund request."
"_EMAIL_STORE_REFUNDSELLER_SUBJECT";"Your store have been asked for a refund"
"_EMAIL_STORE_REFUNDSELLER_BODY";"[header]

We have just received a request for refund for the product below:
==========Details==============
Name of Product: [product_title]
Link of Product: [product_link]	
Name of Store:   [store_title]
Link of Store:   [store_link]
Order ID: [store_orderid]	

Buyer Name: [buyer_name]
Email Address: [buyer_email]
Address: [buyer_address]

Please contact with administrator/buyer to resolve the refund request.

[footer]"

"You are not allowed to purchase products!";"You are not allowed to purchase products!"
"Item in Cart";"Item in Cart"
"Items in Cart";"Items in Cart"
"Add to cart successfully!";"Add to cart successfully!"
"Favourite";"Favourite"
"Unfavourite";"Unfavourite"
"Follow";"Follow"
"Unfollow";"Unfollow"
"Max file size limit exceeded (probably).";"Max file size limit exceeded (probably)."
"Invalid request method";"Invalid request method"
"No file";"No file"
"Invalid Upload";"Invalid Upload"
"An error occurred.";"An error occurred."
"Discount Options: <br />";"Discount Options: <br />"
"Buy";"Buy"
"at";"at"
"Free";"Free"
"Add to Cart";"Add to Cart"
"Out of Stock";"Out of Stock"
"Delete Category?";"Delete Category?"
"Are you sure that you want to delete this category? It will not be recoverable after being deleted.";"Are you sure that you want to delete this category? It will not be recoverable after being deleted."
"Delete";"Delete"
"cancel";"cancel"
"or";"or"
"Store Plugin";"Store Plugin"
"Manage Categories";"Manage Categories"
"+ Add Root Category";"+ Add Root Category"
"+ Add Category";"+ Add Category"
"Home";"Home"
"Category Name";"Category Name"
"Sub-Categories";"Sub-Categories"
"Options";"Options"
"edit";"edit"
"delete";"delete"
"add sub-category";"add sub-category"
"view sub-categories";"view sub-categories"
"There are currently no categories. Click here to <a href='%s' class='smoothbox'>post</a> a new one";"There are currently no categories. Click here to <a href='%s' class='smoothbox'>post</a> a new one"
"Currencies";"Currencies"
"Name";"Name"
"Currency Code";"Currency Code"
"Symbol";"Symbol"
"Options";"Options"
"Edit";"Edit"
"There are currently no currencies.";"There are currently no currencies."
"FAQs";"FAQs"
"Add FAQ";"Add FAQ"
"Question";"Question"
"Status";"Status"
"Order";"Order"
"Created";"Created"
"Create New";"Create New"
"Duplicate Existing";"Duplicate Existing"
"Your changes have been saved.";"Your changes have been saved."
"Add Question";"Add Question"
"Add Heading";"Add Heading"
"Save Order";"Save Order"
"Payment Gateways";"Payment Gateways"
"%s gateway found";"%s gateway found";"%s gateways found"
"ID";"ID"
"Title";"Title"
"Enabled";"Enabled"
"Yes";"Yes"
"No";"No"
"Help Pages";"Help Pages"
"Delete Location?";"Delete Location?"
"Are you sure that you want to delete this location? It will not be recoverable after being deleted.";"Are you sure that you want to delete this location? It will not be recoverable after being deleted."
"Manage Locations";"Manage Locations"
"+ Add Root Location";"+ Add Root Location"
"+ Add Location";"+ Add Location"
"Location Name";"Location Name"
"Sub-Locations";"Sub-Locations"
"add sub-location";"add sub-location"
"There are currently no locations. Click here to <a href='%s' class='smoothbox'>post</a> a new one";"There are currently no locations. Click here to <a href='%s' class='smoothbox'>post</a> a new one"
"Approve the selected Products?";"Approve the selected Products?"
"Are you sure that you want to approve the selected products?";"Are you sure that you want to approve the selected products?"
"Please select a product to approve.";"Please select a product to approve."
"Approve";"Approve"
"Go Back";"Go Back"
"Delete the selected Product(s)?";"Delete the selected Product(s)?"
"Are you sure that you want to delete the selected product(s)? They will not be recoverable after being deleted.";"Are you sure that you want to delete the selected product(s)? They will not be recoverable after being deleted."
"Please select a product to delete.";"Please select a product to delete."
"product(s)";"product(s)"
"Product";"Product"
"Store";"Store"
"Category";"Category"
"Seller";"Seller"
"View Status";"View Status"
"Approve Status";"Approve Status"
"Featured";"Featured"
"Created Date";"Created Date"
"Hide";"Hide"
"Show";"Show"
"Status: ";"Status: "
"Deny";"Deny"
"view";"view"
"Delete Selected";"Delete Selected"
"Approve Selected";"Approve Selected"
"There are no products yet.";"There are no products yet."
"Approve the selected Stores?";"Approve the selected Stores?"
"Are you sure that you want to approve the selected stores?";"Are you sure that you want to approve the selected stores?"
"Please select a store to approve.";"Please select a store to approve."
"Delete the selected Store(s)?";"Delete the selected Store(s)?"
"Are you sure that you want to delete the selected store(s)? They will not be recoverable after being deleted.";"Are you sure that you want to delete the selected store(s)? They will not be recoverable after being deleted."
"Please select a store to delete.";"Please select a store to delete."
"store(s)";"store(s)"
"statistic";"statistic"
"There are no stores yet.";"There are no stores yet."
"Rate";"Rate"
"Unit Sold";"Unit Sold"
"Income";"Income"
"Paid Fee";"Paid Fee"
"Stars";"Stars"
"transaction history";"transaction history"
"This store does not have any product yet.";"This store does not have any product yet."
"Store Statistic";"Store Statistic"
"Summary";"Summary"
"%s follow";"%s follow";"%s follows"
"%s view";"%s view";"%s views"
"%s comment";"%s comment";"%s comments"
"Total Products";"Total Products"
"Available Products";"Available Products"
"Store Rating";"Store Rating"
"Featured Products";"Featured Products"
"Total Units Sold";"Total Units Sold"
"Total Income";"Total Income"
"Total Publish Fee";"Total Publish Fee"
"Total Feature Fee";"Total Feature Fee"
"Commission Rate";"Commission Rate"
"Products Statistic";"Products Statistic"
"Order ID";"Order ID"
"Item";"Item"
"User";"User"
"Quantity";"Quantity"
"Pretax Price";"Pretax Price"
"VAT (%)";"VAT (%)"
"Final Price";"Final Price"
"Sub Total";"Sub Total"
"Total";"Total"
"Guest";"Guest"
"There is no purchase of this product yet!";"There is no purchase of this product yet!"
"Buyer";"Buyer"
"Currency";"Currency"
"Currencies";"Currencies"
"Quantity";"Quantity"
"Sub Amount";"Sub Amount"
"Total Amount";"Total Amount"
"Order Date";"Order Date"
"view details";"view details"
"There are no orders yet.";"There are no orders yet."
"Order: ";"Order: "
"Shipping Info";"Shipping Info"
"First Name";"First Name"
"Last Name";"Last Name"
"Email";"Email"
"Company";"Company"
"Street";"Street"
"Phone";"Phone"
"Fax";"Fax"
"Postal Code";"Postal Code"
"City";"City"
"Country";"Country"
"Billing Info";"Billing Info"
"VAT";"VAT"
"Delivery Status";"Delivery Status"
"There is no refund request yet.";"There is no refund request yet."
"Send Money";"Send Money"
"Cancel";"Cancel"
"Amount";"Amount"
"Request Date";"Request Date"
"Request Message";"Request Message"
"Response Date";"Response Date"
"Response Message";"Response Message"
"There are no requests yet.";"There are no requests yet."
"Total Stores";"Total Stores"
"Approved Stores";"Approved Stores"
"Featured Stores";"Featured Stores"
"Available Stores";"Available Stores"
"Users Follow Stores";"Users Follow Stores"
"Followed Stores";"Followed Stores"
"Approved Products";"Approved Products"
"Users Favourite Products";"Users Favourite Products"
"Favourited Products";"Favourited Products"
"Total Units Sold";"Total Units Sold"
"Finance Statistic";"Finance Statistic"
"Total Publishing Fee from Stores";"Total Publishing Fee from Stores"
"Total Feature Fee from Stores";"Total Feature Fee from Stores"
"Total Publishing and Feature Fee from Stores";"Total Publishing and Feature Fee from Stores"
"Total Publishing Fee from Products";"Total Publishing Fee from Products"
"Total Feature Fee from Products";"Total Feature Fee from Products"
"Total Publishing and Feature Fee from Products";"Total Publishing and Feature Fee from Products"
"Total Commission";"Total Commission"
"Taxes";"Taxes"
"+ Add Tax";"+ Add Tax"
"Name";"Name"
"Value";"Value"
"Creation Date";"Creation Date"
"Modified Date";"Modified Date"
"There are currently no taxes.";"There are currently no taxes."
"Trans ID";"Trans ID"
"Gateway Fee";"Gateway Fee"
"There are no transactions yet.";"There are no transactions yet."
"Go Top";"Go Top"
"There are no FAQs yet.";"There are no FAQs yet."
"No item found.";"No item found."
"Account";"Account"
"Gateway";"Gateway"
"Display Name";"Display Name"
"Email Address";"Email Address"
"Last Modified";"Last Modified"
"Edit Account";"Edit Account"
"Please click <a href='%s'>here</a> configure your account at first.";"Please click <a href='%s'>here</a> configure your account at first."
"Information";"Information"
"Sold Amount";"Sold Amount"
"Remain Amount";"Remain Amount"
"Commission";"Commission"
"Remain Amount";"Remain Amount"
"Received Amount";"Received Amount"
"Waiting Amount";"Waiting Amount"
"Pending Amount";"Pending Amount"
"Request Money";"Request Money"
"Recent Requests";"Recent Requests"
"You need to have at least %s to make request. Your current available amount is not enough to make request.";"You need to have at least %s to make request. Your current available amount is not enough to make request."
"Your cart is empty.";"Your cart is empty."
"VAT(%)";"VAT(%)"
"Remove";"Remove"
"Update Cart";"Update Cart"
"Check Out";"Check Out"
"You cannot view this order!";"You cannot view this order!"
"SKU";"SKU"
"refund";"refund"
"N/A";"N/A"
"Back";"Back"
"Main Photo";"Main Photo"
"You already created a store %1$shere%2$s. You cannot create anymore.";"You already created a store %1$shere%2$s. You cannot create anymore."
"Description";"Description"
"View Status";"View Status"
"Hide Store";"Hide Store"
"Show Store";"Show Store"
"Your store has not been approved, started by %1$spublish%2$s your store!";"Your store has not been approved, started by %1$spublish%2$s your store!"
"Contact Information";"Contact Information"
"Contact Person";"Contact Person"
"Location";"Location"
"Website";"Website"
"Quick Statistics";"Quick Statistics"
"List Products of Store";"List Products of Store"
"Edit Product";"Edit Product"
"Edit Photos";"Edit Photos"
"Discount";"Discount"
"click here to hide this product";"click here to hide this product"
"click here to show this product";"click here to show this product"
"You have no product yet.";"You have no product yet."
"You cannot view this store!";"You cannot view this store!"
"You do not have any store.";"You do not have any store."
"Get started by %1$screating%2$s a store!";"Get started by %1$screating%2$s a store!"
"Your store has not been approved yet or has been hidden!";"Your store has not been approved yet or has been hidden!"
"Your purchase has been completed.";"Your purchase has been completed."
"Click %1$shere%2$s to go back to your store";"Click %1$shere%2$s to go back to your store"
"List Sold Products of Store";"List Sold Products of Store"
"Shipping";"Shipping"
"view info";"view info"
"Delivered";"Delivered"
"There are no sold products yet.";"There are no sold products yet."
"Error!";"Error!"
"Click %1$shere%2$s to redirect to your shopping cart";"Click %1$shere%2$s to redirect to your shopping cart"
"Click %1$shere%2$s to go back to your products page";"Click %1$shere%2$s to go back to your products page"
"Click %1$shere%2$s to go back to your store";"Click %1$shere%2$s to go back to your store"
"Click %1$shere%2$s to go back to your shopping cart";"Click %1$shere%2$s to go back to your shopping cart"
"Sorry, the selected payment type not found. May be it is deleted.";"Sorry, the selected payment type not found. May be it is deleted."
"There has been an error in your transaction.";"There has been an error in your transaction."
"Please try again later or contact administrator for more information.";"Please try again later or contact administrator for more information."
"posted by";"posted by"
"Price:";"Price:"
"Category:";"Category:"
"Available:";"Available:"
"Expire:";"Expire:"
"No products.";"No products."
"There is no product meets your criteria.";"There is no product meets your criteria."
"Store: ";"Store: "
"Posted by %s";"Posted by %s"
"Current Price";"Current Price"
"Unit Price";"Unit Price"
"Add Discount";"Add Discount"
"Save Changes";"Save Changes"
"Product Listing Photos";"Product Listing Photos"
"Add More Photos";"Add More Photos"
"You can not edit photos!";"You can not edit photos!"
"Store Listing Photos";"Store Listing Photos"
"There is no product.";"There is no product."
"There is no store.";"There is no store."
"%s favourite";"%s favourite";"%s favourites"
"%s bought";"%s bought";"%s boughts"
"%s star";"%s star";"%s stars"
"There is no store meets your criteria.";"There is no store meets your criteria."
"General";"General"
"Edit Store";"Edit Store"
"Edit Photos";"Edit Photos"
"Post Product";"Post Product"
"My Products";"My Products"
"Sold Products";"Sold Products"
"My Account";"My Account"
"Store Statistics";"Store Statistics"
"Product Statistics";"Product Statistics"
"You have not followed any stores yet.";"You have not followed any stores yet."
"Edit Product";"Edit Product"
"My Cart";"My Cart"
"Payment Method";"Payment Method"
"Payment Confirm";"Payment Confirm"
"You cannot view this product.";"You cannot view this product."
"Price";"Price"
"Introduction";"Introduction"
"Out Of Stock";"Out Of Stock"
"Add To Cart";"Add To Cart"
"You cannot rate!";"You cannot rate!"
"You have to log in to rate this product!";"You have to log in to rate this product!"
"There is no featured product yet.";"There is no featured product yet."
"You cannot view this store.";"You cannot view this store."
"Loading Google Map ...";"Loading Google Map ..."
"Address:";"Address:"
"Phone:";"Phone:"
"You cannot rate this store!";"You cannot rate this store!"
"You have to log in to rate this store!";"You have to log in to rate this store!"
"Short Description";"Short Description"
"View Details";"View Details"
"Product Shipping";"Product Shipping"
"Local Only";"Local Only"
"International";"International"
"There is no featured store yet.";"There is no featured store yet."
"{item:$subject} created a new product:";"{item:$subject} created a new product:"
"{item:$subject} created a new store:";"{item:$subject} created a new store:"
"Save";"Save"
"Category Name*";"Category Name*"
"API Username";"API Username"
"API Password";"API Password"
"2Checkout Account Number";"2Checkout Account Number"
"Enabled?";"Enabled?"
"API Login ID";"API Login ID"
"API Transaction Key";"API Transaction Key"
"Google merchant ID";"Google merchant ID"
"Google merchant key";"Google merchant key"
"API Signature";"API Signature"
"Location*";"Location*"
"Location Name*";"Location Name*"
"Language Pack";"Language Pack"
"Choose Message";"Choose Message"
"Subject";"Subject"
"Message Body";"Message Body"
"Save Changes";"Save Changes"
"User Account";"User Account"
"Filter";"Filter"
"Allow Viewing of Stores?";"Allow Viewing of Stores?"
"Allow Viewing of Products?";"Allow Viewing of Products?"
"Allow Creation of Stores?";"Allow Creation of Stores?"
"Allow Creation of Products?";"Allow Creation of Products?"
"Allow Editing of Stores?";"Allow Editing of Stores?"
"Allow Editing of Products?";"Allow Editing of Products?"
"Allow Deletion of Products?";"Allow Deletion of Products?"
"Allow Commenting on Stores?";"Allow Commenting on Stores?"
"Allow Commenting on Products?";"Allow Commenting on Products?"
"Allow users to buy products?";"Allow users to buy products?"
"Approve Store?";"Approve Store?"
"Approve Product?";"Approve Product?"
"Fee For Publishing Store";"Fee For Publishing Store"
"Fee For Publishing Product";"Fee For Publishing Product"
"Fee To Feature Store";"Fee To Feature Store"
"Fee To Feature Product";"Fee To Feature Product"
"Product commission (%)?";"Product commission (%)?"
"Stores Comment Options";"Stores Comment Options"
"Products Comment Options";"Products Comment Options"
"Transaction ID";"Transaction ID"
"Search";"Search"
"Tax Name";"Tax Name"
"Value (%)";"Value (%)"
"Currency Name*";"Currency Name*"
"Symbol*";"Symbol*"
"Precision";"Precision"
"Display";"Display"
"Edit Currency";"Edit Currency"
"*Enable Test Mode?";"*Enable Test Mode?"
"Default Currency";"Default Currency"
"Guests Purchase Products?";"Guests Purchase Products?"
"Owners Rate Store?";"Owners Rate Store?"
"Owners Rate Product?";"Owners Rate Product?"
"Minimum  Request Amount For Sellers (";"Minimum  Request Amount For Sellers ("
"Maximum  Request Amount For Sellers (";"Maximum  Request Amount For Sellers ("
"Number Of Stores Per Page";"Number Of Stores Per Page"
"Number Of Products Per Page";"Number Of Products Per Page"
"OrderID Character Length";"OrderID Character Length"
"Replace URL text";"Replace URL text"
"Store Name";"Store Name"
"Search Stores";"Search Stores"
"Browse By";"Browse By"
"Refund";"Refund"
"Check Out";"Check Out"
"Continue Shopping";"Continue Shopping"
"Fee for publishing";"Fee for publishing"
"Fee for featuring";"Fee for featuring"
"How do you wish to publish your store?";"How do you wish to publish your store?"
"Publish Store";"Publish Store"
"How do you wish to publish your product?";"How do you wish to publish your product?"
"Publish with no featured option";"Publish with no featured option"
"Publish with featured option";"Publish with featured option"
"Store Title*";"Store Title*"
"Location*";"Location*"
"Enable to show";"Enable to show"
"Photo*";"Photo*"
"Main photo";"Main photo"
"Contact Name*";"Contact Name*"
"Email Address*";"Email Address*"
"Address*";"Address*"
"Comment Privacy";"Comment Privacy"
"Product Name*";"Product Name*"
"SKU*";"SKU*"
"Product Type";"Product Type"
"Product Download Link";"Product Download Link"
"Short Description";"Short Description"
"Detail";"Detail"
"Category*";"Category*"
"Total Quantity";"Total Quantity"
"Minimum Quantity For Purchase";"Minimum Quantity For Purchase"
"Maximum Quantity For Purchase";"Maximum Quantity For Purchase"
"Pre-Tax Price*";"Pre-Tax Price*"
"Shipping Options";"Shipping Options"
"Delivery Days*";"Delivery Days*"
"Discount Price";"Discount Price"
"Discount Available Date";"Discount Available Date"
"Discount Expire Date";"Discount Expire Date"
"Add Product";"Add Product"
"Search Products";"Search Products"
"Price From";"Price From"
"Price To";"Price To"
"Product Title";"Product Title"
"Ordering";"Ordering"
"Display this FAQ";"Display this FAQ"
"Answer";"Answer"
"Content";"Content"
"Save Photos";"Save Photos"
"Album Cover";"Album Cover"
"Set Slideshow";"Set Slideshow"
"Image Description";"Image Description"
"Image Title";"Image Title"
"Title";"Title"
"Confirm";"Confirm"
"pay type";"pay type"
"Pay with %s";"Pay with %s"
"Continue";"Continue"
"CVC";"CVC"
"Expiration Date(mm-yy)";"Expiration Date(mm-yy)"
"Card Number";"Card Number"
"Credit Card Type";"Credit Card Type"
"First Name*";"First Name*"
"Last Name*";"Last Name*"
"Email*";"Email*"
"Phone*";"Phone*"
"Country*";"Country*"
"State/Province*";"State/Province*"
"City*";"City*"
"Address*";"Address*"
"Alternative Address";"Alternative Address"
"Zip/PostCode*";"Zip/PostCode*"
"Ship to this address";"Ship to this address"
"Paypal Display Name*";"Paypal Display Name*"
"Paypal Email Address*";"Paypal Email Address*"
"Request Amount";"Request Amount"
"Change category for items that belongs to category which you are going to delete.";"Change category for items that belongs to category which you are going to delete."
"Change location for items that belongs to location which you are going to delete.";"Change location for items that belongs to location which you are going to delete."
"Your community has more than one language pack installed. Please select the language pack you want to edit right now.";"Your community has more than one language pack installed. Please select the language pack you want to edit right now."
"Send deny message to Seller.";"Send deny message to Seller."
"Are you sure that you want to delete this product? It will not be recoverable after being deleted.";"Are you sure that you want to delete this product? It will not be recoverable after being deleted."
"Edit your product below, then click ""Save Changes"" to save your product.";"Edit your product below, then click ""Save Changes"" to save your product."
"Do you want to let members view stores? If set to no, some other settings on this page may not apply.";"Do you want to let members view stores? If set to no, some other settings on this page may not apply."
"Yes, allow viewing of all stores, even private ones.";"Yes, allow viewing of all stores, even private ones."
"Yes, allow viewing of stores.";"Yes, allow viewing of stores."
"No, do not allow stores to be viewed.";"No, do not allow stores to be viewed."
"Do you want to let members view products? If set to no, some other settings on this page may not apply.";"Do you want to let members view products? If set to no, some other settings on this page may not apply."
"Yes, allow viewing of all products, even private ones.";"Yes, allow viewing of all products, even private ones."
"Yes, allow viewing of products.";"Yes, allow viewing of products."
"No, do not allow products to be viewed.";"No, do not allow products to be viewed."
"Yes, allow creation of stores.";"Yes, allow creation of stores."
"No, do not allow stores to be created.";"No, do not allow stores to be created."
"Yes, allow creation of products.";"Yes, allow creation of products."
"No, do not allow products to be created.";"No, do not allow products to be created."
"Do you want to let members edit stores? If set to no, some other settings on this page may not apply.";"Do you want to let members edit stores? If set to no, some other settings on this page may not apply."
"Yes, allow members to edit their own stores.";"Yes, allow members to edit their own stores."
"No, do not allow members to edit their stores.";"No, do not allow members to edit their stores."
"Do you want to let members edit products? If set to no, some other settings on this page may not apply.";"Do you want to let members edit products? If set to no, some other settings on this page may not apply."
"Yes, allow members to edit their own products.";"Yes, allow members to edit their own products."
"No, do not allow members to edit their products.";"No, do not allow members to edit their products."
"Do you want to let members delete products? If set to no, some other settings on this page may not apply.";"Do you want to let members delete products? If set to no, some other settings on this page may not apply."
"Yes, allow members to delete their own products.";"Yes, allow members to delete their own products."
"No, do not allow members to delete their products.";"No, do not allow members to delete their products."
"Do you want to let members of this level comment on stores?";"Do you want to let members of this level comment on stores?"
"Yes, allow members to comment on all stores, including private ones.";"Yes, allow members to comment on all stores, including private ones."
"Yes, allow members to comment on stores.";"Yes, allow members to comment on stores."
"No, do not allow members to comment on stores.";"No, do not allow members to comment on stores."
"Do you want to let members of this level comment on products?";"Do you want to let members of this level comment on products?"
"Yes, allow members to comment on all products, including private ones.";"Yes, allow members to comment on all products, including private ones."
"Yes, allow members to comment on products.";"Yes, allow members to comment on products."
"No, do not allow members to comment on products.";"No, do not allow members to comment on products."
"Automatically approve store?";"Automatically approve store?"
"Automatically approve product?";"Automatically approve product?"
"Set 0 to free.";"Set 0 to free."
"Are you sure that you want to delete this VAT? It will not be recoverable after being deleted.";"Are you sure that you want to delete this VAT? It will not be recoverable after being deleted."
"Delete This VAT?";"Delete This VAT?"
"digit from 0 to 2";"digit from 0 to 2"
"No Symbol";"No Symbol"
"Use Symbol";"Use Symbol"
"Use Shortname";"Use Shortname"
"Use Name";"Use Name"
"Are you sure that you want to delete this store? It will not be recoverable after being deleted.";"Are you sure that you want to delete this store? It will not be recoverable after being deleted."
"Edit your store below, then click "Save Changes" to save your store.";"Edit your store below, then click "Save Changes" to save your store."
"These settings affect all members in your community.";"These settings affect all members in your community."
"Allow admin to test Store by using development mode?";"Allow admin to test Store by using development mode?"
"Allow guests to purchase products?";"Allow guests to purchase products?"
"Allow sellers to rate their own products?";"Allow sellers to rate their own products?"
"Minimum  Request Amount For Sellers";"Minimum  Request Amount For Sellers"
"Maximum Request Amount For Sellers";"Maximum Request Amount For Sellers"
"How many store will be shown per page? (Enter a number between 1 and 999)";"How many store will be shown per page? (Enter a number between 1 and 999)"
"How many products will be shown per page? (Enter a number between 1 and 999)";"How many products will be shown per page? (Enter a number between 1 and 999)"
"How many characters do you want for length of an Order ID? (Enter a number between 4 and 10)";"How many characters do you want for length of an Order ID? (Enter a number between 4 and 10)"
"Please fill in the text that you want to appear in URL instead of ""socialstore""";"Please fill in the text that you want to appear in URL instead of ""socialstore"""
"Are you sure that you want to refund this product? It will not be able to change later.";"Are you sure that you want to refund this product? It will not be able to change later."
"Refund this product?";"Refund this product?"
"Edit your store below, then click ""Save Changes"" to save your store.";"Edit your store below, then click ""Save Changes"" to save your store."
"Create your store below, then click ""Create Store"" to publish Store.";"Create your store below, then click ""Create Store"" to publish Store."
"Title of Store";"Title of Store"
"Main photo of store (jpg, png, gif, jpeg)";"Main photo of store (jpg, png, gif, jpeg)"
"Who may post comments on this store?";"Who may post comments on this store?"
"Are you sure that you want to delete this product? It will not be recoverable after being deleted.";"Are you sure that you want to delete this product? It will not be recoverable after being deleted."
"Delete This Product?";"Delete This Product?"
"Edit your product below, then click "Save Changes" to save your product.";"Edit your product below, then click "Save Changes" to save your product."
"Add New Product";"Add New Product"
"Add your new product below, then click ""Add Product"" to publish Product.";"Add your new product below, then click ""Add Product"" to publish Product."
"Name of Product";"Name of Product"
"0 means unlimited";"0 means unlimited"
"Numbers of days between order & delivery";"Numbers of days between order & delivery"
"Choose photos on your computer to add to this store listing. (2MB maximum)";"Choose photos on your computer to add to this store listing. (2MB maximum)"
"Create a help page.";"Create a help page."
"Are you sure that you want to delete this help page? It will not be recoverable after being deleted.";"Are you sure that you want to delete this help page? It will not be recoverable after being deleted."
"Create a FAQ to display in Faqs pages.";"Create a FAQ to display in Faqs pages."
"Create FAQ";"Create FAQ"
"Are you sure that you want to delete this faqs? It will not be recoverable after being deleted.";"Are you sure that you want to delete this faqs? It will not be recoverable after being deleted."
"Test only";"Test only"
"Add your paypal account to request money. (*) is required.";"Add your paypal account to request money. (*) is required."
"Please fill your Paypal Display Name in the textbox below.";"Please fill your Paypal Display Name in the textbox below."
"Please fill your Paypal Email Address in the textbox below exactly. This email address will be used to receive the money from admin when you request money.";"Please fill your Paypal Email Address in the textbox below exactly. This email address will be used to receive the money from admin when you request money."
"Send a money request to administrators.";"Send a money request to administrators."
"Create Your Store";"Create Your Store"
"Submit";"Submit"
"Stores";"Stores"
"Products";"Products"
"My Store";"My Store"
"Favourite Products";"Favourite Products"
"Following Stores";"Following Stores"
"Shopping Cart";"Shopping Cart"
"My Orders";"My Orders"
"Help";"Help"
"The file '%value%' was not uploaded";"The file '%value%' was not uploaded"
"Waiting";"Waiting"
"Approved";"Approved"
"Denied";"Denied"
"Address";"Address"
"Change Successfully.";"Change Successfully."
"Approve store successfully.";"Approve store successfully."
"Deny store successfully.";"Deny store successfully."
"Approve product successfully.";"Approve product successfully."
"Deny product successfully.";"Deny product successfully."
"Most Recent Stores";"Most Recent Stores"
"Most Rated Stores";"Most Rated Stores"
"Manage Photos";"Manage Photos"
"Local";"Local"
"Who may post comments on this product?";"Who may post comments on this product?"
"Available Amount";"Available Amount"
"Add PayPal Account";"Add PayPal Account"
"Download Link cannot be empty!";"Download Link cannot be empty!"
"Discount Price has to be lower than Pretax Price!";"Discount Price has to be lower than Pretax Price!"
"Expire Date should be greater than Available Date!";"Expire Date should be greater than Available Date!"
"Available Date should be equal or greater than Current Time!";"Available Date should be equal or greater than Current Time!"
"Available Date & Discount Date have to be set for discount!";"Available Date & Discount Date have to be set for discount!"
"Min quantity must be smaller than max quantity!";"Min quantity must be smaller than max quantity!"
"The uploaded file is not supported or is corrupt.";"The uploaded file is not supported or is corrupt."
"The file '%value%' has a false extension";"The file '%value%' has a false extension"
"Products Statistics";"Products Statistics"
" Stars";" Stars"
"The uploaded file is not supported or is corrupt.";"The uploaded file is not supported or is corrupt."
"New";"New"
"Allow sellers to rate their own stores?";"Allow sellers to rate their own stores?"
"approved";"approved"
"denied";"denied"
"new";"new"
"waiting";"waiting"
"Maximum Request Amount For Sellers";"Maximum Request Amount For Sellers"
"Minimum Request Amount For Sellers";"Minimum Request Amount For Sellers"
"Global Settings";"Global Settings"
"Categories";"Categories"
"Locations";"Locations"
"Transactions";"Transactions"
"Orders";"Orders"
"Refunds";"Refunds"
"Helps";"Helps"
"Store Questions";"Store Questions"
"Member Level";"Member Level"
"view sub-location";"view sub-location"
"Item Quantity";"Item Quantity"
"Most Recent Products";"Most Recent Products"
"Most Rated Products";"Most Rated Products"
"Store Menu";"Store Menu"
"Displays store menu on front end.";"Displays store menu on front end."
"My Store Mini Menu";"My Store Mini Menu"
"Displays my store mini menu on front end.";"Displays my store mini menu on front end."
"Product Categories";"Product Categories"
"Displays product categories.";"Displays product categories."
"Displays most rated socialstore.";"Displays most rated socialstore."
"Number of Stores show on page.";"Number of Stores show on page."
"Most Liked Products";"Most Liked Products"
"Displays most liked products.";"Displays most liked products."
"Number of Products show on page.";"Number of Products show on page."
"Most Liked Stores";"Most Liked Stores"
"Displays most liked stores.";"Displays most liked stores."
"Most Commented Stores";"Most Commented Stores"
"Displays most commented stores.";"Displays most commented stores."
"Recent Stores";"Recent Stores"
"Displays recent stores.";"Displays recent stores."
"Hot Stores";"Hot Stores"
"Displays stores with most sold products.";"Displays stores with most sold products."
"Top Selling Products";"Top Selling Products"
"Displays top selling products.";"Displays top selling products."
"Most Followed Stores";"Most Followed Stores"
"Most followed stores.";"Most followed stores."
"Payment Menu";"Payment Menu"
"Payment menu.";"Payment menu."
"My Following Stores";"My Following Stores"
"Display my following stores.";"Display my following stores."
"My Favourite Products";"My Favourite Products"
"Display my favourite products.";"Display my favourite products."
"Change successfully.";"Change successfully."
"Random Featured Stores";"Random Featured Stores"
"Display featured stores randomly";"Display featured stores randomly"
"Profile Followed Stores";"Profile Followed Stores"
"Display followed stores on member profile.";"Display followed stores on member profile."
"Profile Liked Stores";"Profile Liked Stores"
"Display liked stores on member profile.";"Display liked stores on member profile."
"Recent Products";"Recent Products"
"Displays recent products.";"Displays recent products."
"Most Rated Products";"Most Rated Products"
"Displays most rated products.";"Displays most rated products."
"Most Favourite Products";"Most Favourite Products"
"Displays most favourite products.";"Displays most favourite products."
"Most Commented Products";"Most Commented Products"
"Displays most commented products.";"Displays most commented products."
"Random Featured Products";"Random Featured Products"
"Displays featured products randomly.";"Displays featured products randomly."
"Profile Favourite Products";"Profile Favourite Products"
"Displays favourite products on member profile.";"Displays favourite products on member profile."
"Profile Liked Products";"Profile Liked Products"
"Displays liked products on member profile.";"Displays liked products on member profile."
"Store Slideshow";"Store Slideshow"
"Displays slideshow of stores.";"Displays slideshow of stores."
"Number of Stores show on slideshow.";"Number of Stores show on slideshow."
"Product Slideshow";"Product Slideshow"
"Displays slideshow of products.";"Displays slideshow of products."
"Number of Products show on slideshow.";"Number of Products show on slideshow."
"Search Products In General";"Search Products In General"
"Seach Products In General.";"Seach Products In General."
"Search Stores In General";"Search Stores In General"
"Search Stores In General.";"Search Stores In General."
"Search Products In Store";"Search Products In Store"
"Seach Products In Particular Store.";"Seach Products In Particular Store."
"Listing Stores";"Listing Stores"
"Listing Stores.";"Listing Stores."
"Listing Products";"Listing Products"
"Listing Products.";"Listing Products."
"Listing Products of a Store";"Listing Products of a Store"
"Listing Products of a particular Store.";"Listing Products of a particular Store."
"Product Description";"Product Description"
"Display Description of Product in widget Product Detail (these two should alway be together)";"Display Description of Product in widget Product Detail (these two should alway be together)"
"Product Description";"Product Description"
"Main Recent Products";"Main Recent Products"
"Display Recent Products on main columns.";"Display Recent Products on main columns."
"Main Recent Stores";"Main Recent Stores"
"Display Recent Store On Main Columns.";"Display Recent Store On Main Columns."
"Store Detail";"Store Detail"
"Displays detail of a Store.";"Displays detail of a Store."
"Product Detail";"Product Detail"
"Displays detail of a Product.";"Displays detail of a Product."
"Store Short Description";"Store Short Description"
"Displays Store Short Description.";"Displays Store Short Description."
"Store Info";"Store Info"
"Displays Store Info.";"Displays Store Info."
"Billing Information";"Billing Information"
"Shipping Information";"Shipping Information"
"No, Ship to different address";"No, Ship to different address"
"Yes, Ship to this address";"Yes, Ship to this address"
"Select a gateway to purchase";"Select a gateway to purchase"
"Contact person";"Contact person"
"Telephone";"Telephone"
"Invalid Quantity";"Invalid Quantity"
"Remove item successfully.";"Remove item successfully."
"Maximum available unit reached. You cannot purchase this product anymore!";"Maximum available unit reached. You cannot purchase this product anymore!"
"Invalid Quantity Number. Minimum and maximum quantity allowed for purchase are %1$s and %2$s";"Invalid Quantity Number. Minimum and maximum quantity allowed for purchase are %1$s and %2$s"
"Invalid Quantity Number. Minimum quantity allowed: ";"Invalid Quantity Number. Minimum quantity allowed: "
"Change Successfully";"Change Successfully"
"Product cannot be shown. Store of this product is not showing.";"Product cannot be shown. Store of this product is not showing."
"Product cannot be shown. Your store is not showing.";"Product cannot be shown. Your store is not showing."
"Change delivery status successfully.";"Change delivery status successfully."
"Changed Successfully.";"Changed Successfully."
"Pay with PayPal";"Pay with PayPal"
"Pay with 2Checkout";"Pay with 2Checkout"
"Pay with Authorize.net";"Pay with Authorize.net"
"Credit Card Information";"Credit Card Information"
"Store Information";"Store Information"
"All Categories";"All Categories"
"All Countries";"All Countries"
"Request successfully.";"Request successfully."
"Refuse successfully.";"Refuse successfully."
"Delete successfully.";"Delete successfully."
"There is no shipping method from this store!";"There is no shipping method from this store!"
"None";"None"
"edit - adjust price";"edit - adjust price"
"add choices";"add choices"
"edit";"edit"
"delete";"delete"
"add content";"add content"
"remove content";"remove content"
"Posted";"Posted"
"Preview";"Preview"
"Manage Package";"Manage Package"
"Review Order";"Review Order"
"Manage Taxes";"Manage Taxes"
"Manage Categories";"Manage Categories"
"Shipping Methods";"Shipping Methods"
"Free Shipping";"Free Shipping"
"Attributes Sets";"Attributes Sets"
"Packages";"Packages"
"Attributes";"Attributes"
"Items";"Items"
"Order Total";"Order Total"
"You have no address yet!";"You have no address yet!"
"Add New Address";"Add New Address"
"Attributes";"Attributes"
"Date";"Date"
"Order Summary";"Order Summary"
"Shipping Fee";"Shipping Fee"
"Handling Fee";"Handling Fee"
"Download PDF";"Download PDF"
"Create New";"Create New"
"Duplicate Existing";"Duplicate Existing"
"Select your shipping address(es) from the list below";"Select your shipping address(es) from the list below"
"Delete Selected";"Delete Selected"
"Select preset";"Select preset"
"There is no attribute preset!";"There is no attribute preset!"
"Attribute Set";"Attribute Set"
"Add Attribute Set";"Add Attribute Set"
"Attribute Presets List";"Attribute Presets List"
"Name";"Name"
"Manage Attributes";"Manage Attributes"
"There are currently no sets.";"There are currently no sets."
"Add Shipping Method";"Add Shipping Method"
"You have no free shipping yet!";"You have no free shipping yet!"
"Add Rule";"Add Rule"
"Shipping Rules";"Shipping Rules"
"You have no shipping rule yet!";"You have no shipping rule yet!"
"Applied Categories";"Applied Categories"
"Applied Countries";"Applied Countries"
"Minimum Purchase Amount";"Minimum Purchase Amount"
"Active";"Active"
"Inactive";"Inactive"
"Add Attribute";"Add Attribute"
"Add Tax";"Add Tax"
"Product Attributes";"Product Attributes"
"Select Attribute Set";"Select Attribute Set"
"Load Attribute Presets";"Load Attribute Presets"
"Save as Attribute Preset";"Save as Attribute Preset"
"Type";"Type"
"Type Fee";"Type Fee"
"Handling Fee/%";"Handling Fee/%"
"Full Name";"Full Name"
"Address";"Address"
"Alternate Address";"Alternate Address"
"There is no address available from address book!";"There is no address available from address book!"
"Select your shipping address(es) from the list below";"Select your shipping address(es) from the list below"
"Multi Shipping";"Multi Shipping"
"Ship to address";"Ship to address"
"Shipping method";"Shipping method"
"Downloadable Product";"Downloadable Product"
"store: ";"store: "
"Shipping & Handling Fee";"Shipping & Handling Fee"
"Unable to find identifiers in text:";"Unable to find identifiers in text:"
"could not find target element";"could not find target element"
"unable to find option_id";"unable to find option_id"
"Are you sure you want to delete this option?";"Are you sure you want to delete this option?"
"unable to find option_id for field";"unable to find option_id for field"
"Are you sure you want to delete this attribute?";"Are you sure you want to delete this attribute?"
"Are you sure you want to remove content of this attribute?";"Are you sure you want to remove content of this attribute?"
"Address Line 1";"Address Line 1"
"Address Line 2";"Address Line 2"
"Are you sure that you want to delete this address? It will not be recoverable after being deleted.";"Are you sure that you want to delete this address? It will not be recoverable after being deleted."
"Attribute Name";"Attribute Name"
"Delete This Attributes Set?";"Delete This Attributes Set?"
"Delete Address";"Delete Address"
"Are you sure that you want to delete this Attributes Set? It will not be recoverable after being deleted.";"Are you sure that you want to delete this Attributes Set? It will not be recoverable after being deleted."
"Attribute Type";"Attribute Type"
"Attribute Label";"Attribute Label"
"Content";"Content"
"Attribute Option";"Attribute Option"
"Adjust Price";"Adjust Price"
"Approve deal request";"Approve deal request"
"Product Title";"Product Title"
"Requester";"Requester"
"Deal request";"Deal request"
"Percentage";"Percentage"
"Add From Address Book";"Add From Address Book"
"Add Another Address";"Add Another Address"
"Delete Shipping Address";"Delete Shipping Address"
"Are you sure that you want to delete this address from shipping address list? It will not be recoverable after being deleted.";"Are you sure that you want to delete this address from shipping address list? It will not be recoverable after being deleted."
"Add New Shipping Method";"Add New Shipping Method"
"Applied to All Categories";"Applied to All Categories"
"Applied to All Countries";"Applied to All Countries"
"Minimum Purchase Amount*";"Minimum Purchase Amount*"
"Delete This Shipping Method?";"Delete This Shipping Method?"
"Are you sure that you want to delete this rule? It will not be recoverable after being deleted.";"Are you sure that you want to delete this rule? It will not be recoverable after being deleted."
"Edit Shipping Rule";"Edit Shipping Rule"
"Are you sure that you want to delete this method? All Shipping rules of this method will also be deleted and they will not be recoverable after being deleted.";"Are you sure that you want to delete this method? All Shipping rules of this method will also be deleted and they will not be recoverable after being deleted."
"Edit Shipping Method";"Edit Shipping Method"
"Per Order Cost*";"Per Order Cost*"
"Calculate Price Type*";"Calculate Price Type*"
"Handling Type*";"Handling Type*"
"Amount*";"Amount*"
"Calculate Handling Fee Type";"Calculate Handling Fee Type"
"Edit Shipping Rule";"Edit Shipping Rule"
"Attribute Preset Name";"Attribute Preset Name"
"Attribute Preset";"Attribute Preset"
"Product*";"Product*"
"Preview File";"Preview File"
"Preview File only available for mp3 product!";"Preview File only available for mp3 product!"
"Weight";"Weight"
"Weight Unit";"Weight Unit"
"Video Preview Link";"Video Preview Link"
"You could upload the preview video <a target = ""_blank"" href=""%1$s"">here</a> and paste the link to the field above!";"You could upload the preview video <a target = ""_blank"" href=""%1$s"">here</a> and paste the link to the field above!"
"Refund this product";"Refund this product"
"Are you sure that you want to refund this product? It will not be able to change later.";"Are you sure that you want to refund this product? It will not be able to change later."
"This set has been used. You cannot delete it!";"This set has been used. You cannot delete it!"
"Edit Attribute Set";"Edit Attribute Set"
"Edit Set";"Edit Set"
"Create Attribute";"Create Attribute"
"You have no shipping method yet!";"You have no shipping method yet!"
"Publish";"Publish"
"Publish Product";"Publish Product"
"You have not set up your PayPal account yet. Please provide your PayPal account email %1$shere%2$s and try again!";"You have not set up your PayPal account yet. Please provide your PayPal account email %1$shere%2$s and try again!"
"Add Category";"Add Category"
"Add Root Category";"Add Root Category"
"Edit Category";"Edit Category"
"Name*";"Name*"
"Description*";"Description*"
"Category";"Category"
"URL Seller Policy";"URL Seller Policy"
"URL Buyer Policy";"URL Buyer Policy"
"Please fill in the text that you want to show link when enable deal request";"Please fill in the text that you want to show link when enable deal request"
"Please fill in the text that you want to show link when submit deal request";"Please fill in the text that you want to show link when submit deal request"
"List of deal requests";"List of deal requests"
"Deal Requests";"Deal Requests"
"Refused";"Refused"
"Term of Use and Privacy Statement";"Term of Use and Privacy Statement"
"I agree to the ";"I agree to the "
"I agree to the";"I agree to the "
"Request Deal";"Request Deal"
"My Deal Requests";"My Deal Requests"
"Deal Requests";"Deal Requests"
" or ";" or "
"Cancel";"Cancel"